,Demand
2021-12-01 00:00,28533.129824992324
2021-12-01 01:00,28165.439441338083
2021-12-01 02:00,27889.683956057263
2021-12-01 03:00,27706.530323897678
2021-12-01 04:00,27708.519480754105
2021-12-01 05:00,27817.79205018184
2021-12-01 06:00,28251.44267856863
2021-12-01 07:00,28818.199525467055
2021-12-01 08:00,29160.938751930553
2021-12-01 09:00,29275.56037345095
2021-12-01 10:00,29317.014526649455
2021-12-01 11:00,29181.480506471748
2021-12-01 12:00,29110.144527253997
2021-12-01 13:00,29087.933838470944
2021-12-01 14:00,29205.06189502757
2021-12-01 15:00,29411.372279595507
2021-12-01 16:00,29722.499144778434
2021-12-01 17:00,29955.700520764996
2021-12-01 18:00,30263.203316311432
2021-12-01 19:00,30168.65980728739
2021-12-01 20:00,29958.33110818542
2021-12-01 21:00,29745.98172710458
2021-12-01 22:00,29455.68404194506
2021-12-01 23:00,29007.30478054527
2021-12-02 00:00,28562.10529971499
2021-12-02 01:00,28249.133944319292
2021-12-02 02:00,28015.265001146992
2021-12-02 03:00,27860.810734500545
2021-12-02 04:00,27862.767713671186
2021-12-02 05:00,27956.374782715353
2021-12-02 06:00,28328.395103151175
2021-12-02 07:00,28812.940267337774
2021-12-02 08:00,29104.51560507575
2021-12-02 09:00,29201.434937040136
2021-12-02 10:00,29235.053826424777
2021-12-02 11:00,29119.745459787136
2021-12-02 12:00,29059.265248326825
2021-12-02 13:00,29041.174888910595
2021-12-02 14:00,29140.942531509492
2021-12-02 15:00,29315.355410977656
2021-12-02 16:00,29576.953278108784
2021-12-02 17:00,29773.48436437847
2021-12-02 18:00,30032.82390068722
2021-12-02 19:00,29952.790901450295
2021-12-02 20:00,29774.823882314293
2021-12-02 21:00,29595.260896848635
2021-12-02 22:00,29349.2529540874
2021-12-02 23:00,28968.200270420744
2021-12-03 00:00,28589.17896657076
2021-12-03 01:00,28322.244624442108
2021-12-03 02:00,28121.708408560367
2021-12-03 03:00,27988.458526803486
2021-12-03 04:00,27989.970867508004
2021-12-03 05:00,28069.828935195477
2021-12-03 06:00,28386.146144799433
2021-12-03 07:00,28797.450506718673
2021-12-03 08:00,29044.921999601316
2021-12-03 09:00,29127.394074993943
2021-12-03 10:00,29156.87370511048
2021-12-03 11:00,29059.216399244444
2021-12-03 12:00,29007.821266206654
2021-12-03 13:00,28991.982752445594
2021-12-03 14:00,29076.474550476407
2021-12-03 15:00,29224.803081070855
2021-12-03 16:00,29447.700729034386
2021-12-03 17:00,29614.513378214433
2021-12-03 18:00,29834.050760655507
2021-12-03 19:00,29766.540848678873
2021-12-03 20:00,29616.19224367828
2021-12-03 21:00,29464.17215390958
2021-12-03 22:00,29255.812059737244
2021-12-03 23:00,28932.78540932451
2021-12-04 00:00,28610.72661433605
2021-12-04 01:00,28383.500682330676
2021-12-04 02:00,28213.0708645843
2021-12-04 03:00,28100.142808278542
2021-12-04 04:00,28101.53386050935
2021-12-04 05:00,28169.78322144852
2021-12-04 06:00,28440.250184079116
2021-12-04 07:00,28791.11326800146
2021-12-04 08:00,29001.566143369233
2021-12-04 09:00,29071.45876385383
2021-12-04 10:00,29095.88983004741
2021-12-04 11:00,29012.858561657355
2021-12-04 12:00,28969.237196884806
2021-12-04 13:00,28956.07848443867
2021-12-04 14:00,29027.96855222741
2021-12-04 15:00,29153.649003760118
2021-12-04 16:00,29341.920678050734
2021-12-04 17:00,29482.95787946654
2021-12-04 18:00,29668.598692580217
2021-12-04 19:00,29611.404663959016
2021-12-04 20:00,29484.042177437972
2021-12-04 21:00,29355.281250628697
2021-12-04 22:00,29178.554109416775
2021-12-04 23:00,28904.054847841868
2021-12-05 00:00,28629.998428677005
2021-12-05 01:00,28436.37903663227
2021-12-05 02:00,28290.701041957385
2021-12-05 03:00,28193.84013396487
2021-12-05 04:00,28194.96525619551
2021-12-05 05:00,28253.158682259404
2021-12-05 06:00,28483.310121413047
2021-12-05 07:00,28781.481634426927
2021-12-05 08:00,28960.249294227295
2021-12-05 09:00,29019.689529519233
2021-12-05 10:00,29040.80020249631
2021-12-05 11:00,28970.366042814265
2021-12-05 12:00,28933.2929888586
2021-12-05 13:00,28921.930189023948
2021-12-05 14:00,28982.917411038827
2021-12-05 15:00,29089.761291874216
2021-12-05 16:00,29249.942770705744
2021-12-05 17:00,29369.66404603877
2021-12-05 18:00,29526.989349182255
2021-12-05 19:00,29478.614828794896
2021-12-05 20:00,29370.791421682963
2021-12-05 21:00,29261.641801722693
2021-12-05 22:00,29111.76757384836
2021-12-05 23:00,28878.795728431214
2021-12-06 00:00,28645.822386600543
2021-12-06 01:00,28481.017287027516
2021-12-06 02:00,28357.09676071747
2021-12-06 03:00,28274.81188757974
2021-12-06 04:00,28275.810273862848
2021-12-06 05:00,28325.469220419545
2021-12-06 06:00,28521.878461584347
2021-12-06 07:00,28775.924388591215
2021-12-06 08:00,28927.93556132502
2021-12-06 09:00,28978.377826448075
2021-12-06 10:00,28996.07966717516
2021-12-06 11:00,28936.205077481398
2021-12-06 12:00,28904.717111338756
2021-12-06 13:00,28895.175148489237
2021-12-06 14:00,28947.04294437276
2021-12-06 15:00,29037.69844192589
2021-12-06 16:00,29173.358814553085
2021-12-06 17:00,29274.78687721873
2021-12-06 18:00,29408.058431759884
2021-12-06 19:00,29367.04179499318
2021-12-06 20:00,29275.613590582212
2021-12-06 21:00,29183.05404785535
2021-12-06 22:00,29055.843123999417
2021-12-06 23:00,28857.851116507412
2021-12-07 00:00,28659.64836313493
2021-12-07 01:00,28519.300650357105
2021-12-07 02:00,28413.573048882958
2021-12-07 03:00,28343.229127916937
2021-12-07 04:00,28344.056362020256
2021-12-07 05:00,28386.376245319563
2021-12-07 06:00,28553.550225875926
2021-12-07 07:00,28769.563777790536
2021-12-07 08:00,28898.751287015988
2021-12-07 09:00,28941.641093924107
2021-12-07 10:00,28956.819863034765
2021-12-07 11:00,28905.98014788183
2021-12-07 12:00,28879.21512484887
2021-12-07 13:00,28871.035111978803
2021-12-07 14:00,28915.080515672693
2021-12-07 15:00,28992.14258823815
2021-12-07 16:00,29107.492199570548
2021-12-07 17:00,29193.616093564597
2021-12-07 18:00,29306.66190794737
2021-12-07 19:00,29271.90891646473
2021-12-07 20:00,29194.39728297854
2021-12-07 21:00,29115.86224095993
2021-12-07 22:00,29007.885561442654
2021-12-07 23:00,28839.72304500405
2021-12-08 00:00,28671.190645852585
